"Countries and regions","Population (Total)","Population (Under18)","Population (Under 5)","Annual population growth rate (2000-2020)","Annual population growth rate (2020-2030)","Annual number of births (thousands)","Total fertility (live births per woman)","Life expectancy at birth (1970)","Life expectancy at birth (2000)","Life expectancy at birth (2021)","Dependency ratio (total)","Dependency ratio (child)","Dependency ratio (old age)","Share of urban population (%)","Annual growth rate of urban population (2000-2020)","Annual growth rate of urban population (2020-2030)","Net migration rate (per 1,000 population)","Out-of-school rate: one year before primary entry age (Male)","Out-of-school rate: one year before primary entry age (Female)","Out-of-school rate: primary education (Male)","Out-of-school rate: primary education (Female)","Out-of-school rate: lower secondary education (Male)","Out-of-school rate: lower secondary education (Female)","Out-of-school rate: upper secondary education (Male)","Out-of-school rate: upper secondary education (Female)","Gini coefficient","GDP per capita"
"Afghanistan",40099.462,"20297.885999999999","6490.5540000000001",3.28682420696227,2.3251690622007,1440.941,4.6434,37.4178,55.2978,61.9824,"84.599000000000004","80.161000000000001","4.4379999999999997","26.314","4.0702261153356298","3.49159299206798",-4.569,NA,NA,NA,NA,NA,NA,"43.780520000000003","68.688249999999996",NA,"507.10343189999998"
"Albania",2854.71,"574.38750000000005","141.393",-0.496681093197832,-0.248324219496713,29.289,1.3897,64.8239,75.4043,76.4626,"48.183","24.126999999999999","24.056000000000001","62.969000000000001","1.39596342008939","0.77128762825853103",-3.71,"3.8969399999999998","1.8451900000000001","5.5403200000000004","1.9324399999999999","5.4786799999999998","1.3040099999999999","21.924659999999999","15.10066","1.27","5353.2448560000003"
"Algeria",44177.9685,"15526.205","4870.8424999999997",1.64266112902594,1.23736723704826,950.888,2.8886,43.1597,70.4779,76.3767,"58.463999999999999","48.667999999999999","9.7959999999999994","74.260999999999996","2.6305507005642599","1.7846336801401299",-0.425,NA,NA,NA,NA,NA,NA,NA,NA,"0.99","3973.9640720000002"
"Andorra",79.034,"12.7765","2.5385",0.770115870065779,0.437249045421037,0.567,1.1254,74.2557,80.9193,80.3684,"38.140999999999998","18.062000000000001","20.079999999999998","87.858000000000004","0.53349181542596302","0.42648861275421202",17.556,NA,NA,NA,NA,NA,NA,NA,NA,"1","40886.391159999999"
"Angola",34503.7735,"17832.975999999999","5983.4065000000001",3.3928057840403,2.68444661410197,1338.792,5.3044,40.1904,46.0236,61.6434,"91.474000000000004","86.506","4.968","67.459999999999994","4.7657380156741898","3.4312064449672599",0.843,"31.181039999999999","38.515030000000003",NA,NA,NA,NA,NA,NA,"3.46","2790.726615"
"Anguilla",15.753,"3.29","0.79849999999999999",1.63859407236449,0.270103766565242,0.15,1.273,65.1144,75.9922,76.6138,"38.567","24.436","14.131","100","1.6385940723644901","0.27010376656524199",7.07,"14.232670000000001","0",NA,NA,NA,NA,NA,NA,NA,NA
"Antigua and Barbuda",93.2195,"21.334499999999998","5.3114999999999997",1.00361366437098,0.463408083790753,1.129,1.5798,70.0583,74.6058,78.4968,"40.872","26.513999999999999","14.359","24.38","-0.30001548096337599","0.59417758032208601",0,"13.50614","4.2194099999999999","1.5834299999999999","1.8746100000000001","1.77203","3.2762799999999999","12.002789999999999","13.390309999999999",NA,"17112.82113"
"Argentina",45276.78,"12668.845499999999","3332.7415000000001",0.926828560043024,0.518354099657528,629.391,1.8854,65.5887,73.926,75.3899,"54.27","36.031999999999996","18.238","92.228999999999999","1.0828465011975901","0.629981036749377",0.052,"1.1415500000000001","0.29380000000000001",NA,NA,"0.63536999999999999","1.2537","14.56729","6.6132099999999996","2.12","9912.2818090000001"
"Armenia",2790.9735,"669.17550000000006","182.91900000000001",-0.579263128659198,-0.150551069928803,33.7,1.575,63.8727,70.6236,72.0431,"49.628999999999998","30.558","19.071000000000002","63.430999999999997","-0.67995304176090798","0.16483092435855901",-4.585,"36.261139999999997","37.948259999999998","10.54438","10.40104","10.781409999999999","8.6264299999999992","13.186249999999999","1.4350000000000001","1.44","4622.7334929999997"
"Australia",25921.089,"5666.9380000000001","1537.473",1.42829051699059,0.855296499628569,298.496,1.5962,70.6537,79.6309,84.5265,"53.71","28.242000000000001","25.468","86.361999999999995","1.5403628541458301","0.99982211705697799",4.56,"17.756430000000002","18.162880000000001","1.39621","1.5192099999999999","1.8969","2.15327","8.8539999999999992","5.5267999999999997","1.3","55057.204700000002"
"Austria",8922.082,"1542.2840000000001","430.8485",0.505621238687098,0.148595907966248,84.647,1.4701,70.0864,78.2358,81.5797,"51.118000000000002","21.739000000000001","29.379000000000001","58.994999999999997","0.388329972240195","0.61357542548163502",2.279,"2.1331199999999999","0.78944000000000003","0.28883999999999999","0.11877","1.12154","0.45182","10.51243","8.99559","0.97","50121.554210000002"
"Azerbaijan",10312.992,"2895.904","705.32500000000005",1.08441292435359,0.369112931428356,127.085,1.6638,59.0184,64.8905,69.3658,"44.179000000000002","34.494999999999997","9.6839999999999993","56.776000000000003","1.52750913283016","1.04937083118149",0.105,"16.28059","17.318300000000001","12.06504","8.6067800000000005","0.76283000000000001","0.46449000000000001","0.12584000000000001","0.17080000000000001","0.66","4793.1255590000001"
"Bahamas",407.9055,"99.796499999999995","23.202500000000001",1.06497884525647,0.508301719786879,4.666,1.3889,65.9258,72.0411,71.5983,"39.256999999999998","27.326000000000001","11.930999999999999","83.364999999999995","1.1363286429819901","0.66818573064389997",1.19,"64.390069999999994","60.392609999999998",NA,NA,NA,NA,NA,NA,"1.97","34863.742100000003"
"Bahrain",1463.2655,"347.72250000000003","97.609499999999997",3.47996129231147,0.579281393557077,17.501,1.811,64.4498,75.4964,78.7605,"31.347000000000001","26.765000000000001","4.5819999999999999","89.622","3.54067788636458","0.71257181151249804",-6.235,"31.478090000000002","28.214040000000001","1.8661300000000001","2.8348100000000001","7.0371699999999997","0.12792000000000001","18.122140000000002","6.3463599999999998",NA,"23503.977129999999"
"Bangladesh",169356.251,"54801.034500000002","14663.335499999999",1.23429219593509,0.879335727646025,3019.672,1.981,42.5867,65.7791,72.3811,"47.667000000000002","39.061999999999998","8.6050000000000004","38.945999999999998","3.5267224179378598","2.50133402476615",-1.03,NA,NA,NA,NA,"40.494889999999998","25.43216","40.16995","33.459099999999999","2.93","1855.739824"
"Barbados",281.1995,"58.965499999999999","15.0845",0.280128082945181,0.0770299695269493,3.046,1.6327,68.2725,74.0891,77.5714,"48.981999999999999","25.568999999999999","23.413","31.245999999999999","-0.106203862335447","0.52652906603263805",-0.1,"12.8628","12.04654","1.97899","3.3452600000000001","3.5863800000000001","3.7429100000000002","7.9036","4.2407700000000004","3.07","18148.244930000001"
"Belarus",9578.1675,"1901.431","473.71249999999998",-0.298277965287934,-0.412706005007517,88.853,1.483,71.2458,69.1801,72.438,"50.76","25.388999999999999","25.372","79.91","0.30854922023236903","1.0977829208155101E-2",1.354,"0.42219000000000001","3.5538799999999999","4.5055199999999997","6.0293400000000004","1.2888200000000001","0.81306","7.7514000000000003","4.5875300000000001","0.88","6697.9686149999998"
"Belgium",11611.4195,"2328.7745","599.48299999999995",0.566777821747256,0.241875626545744,116.448,1.5831,70.9354,77.7665,81.8787,"56.506999999999998","26.117999999999999","30.388999999999999","98.117000000000004","0.61312679553965299","0.273058500078949",4.519,"4.2681300000000002","3.2498100000000001","1.2964500000000001","0.46626000000000001","0.48752000000000001","0.16930999999999999","2.2206999999999999","1.96315","0.86","46345.403290000002"
"Belize",400.031,"136.26249999999999","37.493499999999997",2.3635967527114,1.1955897553541,7.186,2.0104,63.4679,68.5645,70.4697,"49.682000000000002","42.264000000000003","7.4180000000000001","46.201000000000001","2.4289142570239299","1.6882430255257601",1.443,"14.99118","16.136479999999999","0.52959000000000001","1.64405","14.466010000000001","16.0596","34.786940000000001","27.733540000000001","3.89","4815.1637110000001"
"Benin",12996.895,"6376.1644999999999","2136.6705000000002",2.81659881139354,2.36174027770802,475.832,4.9731,42.1894,56.5779,59.821,"84.007000000000005","78.346999999999994","5.6609999999999996","48.972000000000001","3.9284966164332298","3.37743717931642",0.133,"14.84127","15.56789","3.9059699999999999","9.6247000000000007","38.077979999999997","46.177259999999997","58.684359999999998","68.905709999999999","2.92","1219.4326719999999"
"Bhutan",777.4865,"219.99449999999999","50.792000000000002",1.30601132153262,0.558997519740214,9.703,1.4132,39.9531,62.0103,71.815,"40.723999999999997","32.088999999999999","8.6349999999999998","43.008000000000003","3.7331907532690498","1.8145285229307799",0.374,"58.464500000000001","58.744390000000003","5.0594299999999999","2.2049799999999999","17.99222","5.8473600000000001","32.778080000000003","22.34422","1.6","3316.175714"
"Bolivia (Plurinational State of)",12079.472,"4470.1909999999998","1271.934",1.56507014671553,1.20337247096992,263.82,2.6178,46.5974,62.3461,63.6304,"56.329000000000001","48.652999999999999","7.6760000000000002","70.474999999999994","2.1677266066601399","1.65825296744739",-0.386,"7.0971000000000002","6.8193400000000004","5.0998999999999999","4.69231","11.71913","11.46017","22.114640000000001","21.503240000000002","2.17","3552.0687600000001"
"Bosnia and Herzegovina",3270.943,"588.04349999999999","153.91849999999999",-1.09843206131758,-0.584429065590473,27.646,1.3498,66.6883,74.4957,75.3003,"49.393000000000001","22.288","27.105","49.424999999999997","-0.40577755860208897","0.222487587072277",-7.878,"69.938800000000001","71.408789999999996","13.223800000000001","13.34897","5.3179600000000002","7.0780399999999997","20.269349999999999","16.771550000000001","1.27","6108.5106960000003"
"Botswana",2588.423,"1000.1575","296.53800000000001",1.84906932564315,1.40586295161902,60.999,2.7914,55.1975,51.0109,61.1409,"57.497999999999998","51.84","5.6580000000000004","71.56","3.2135003013586201","2.1380909254457801",0.702,"78.882779999999997","78.458860000000001","9.7893000000000008","8.0805299999999995","10.61073","9.2659699999999994","21.395659999999999","18.140470000000001","3.79","7961.3251810000002"
"Brazil",214326.223,"53464.86","14240.613499999999",0.916414853773247,0.445692951542926,2760.958,1.6406,57.1714,69.7367,72.7504,"43.106000000000002","29.395","13.711","87.316999999999993","1.24941545918574","0.67304067577249305",0.095,"0","1.1983299999999999","0.85550000000000004","0.57630999999999999","3.43146","1.21044","15.638109999999999","14.31466","4.07","8717.1862779999992"
"British Virgin Islands",31.122,"6.02","1.163",2.04850393754532,0.593420715375999,0.237,1.0052,66.6092,73.966,74.4941,"32.765000000000001","20.196999999999999","12.567","48.92","2.7608796139459799","1.3606199862720001",4.121,"5.6377699999999997","0",NA,NA,NA,NA,"24.090910000000001","15.88785",NA,NA
"Brunei Darussalam",445.373,"119.4055","31.97",1.33222194106182,0.62787470545498,6.147,1.7779,64.1102,74.0801,74.6424,"39.192999999999998","31.105","8.0879999999999992","78.554000000000002","1.7842303070034","0.95230938529424003",-0.431,"5.4231699999999998","5.9270100000000001","1.8298000000000001","1.5225299999999999",NA,NA,"19.448360000000001","13.897320000000001","4.9800000000000004","31086.751120000001"
"Bulgaria",6885.8675,"1155.971","306.12599999999998",-0.707849417874141,-0.944938016759234,58.112,1.586,71.2764,71.6091,71.798,"57.271999999999998","22.01","35.262","76.025000000000006","-0.26046113854661701","-0.55201373558551103",-1.265,"16.244019999999999","17.480969999999999","14.605029999999999","14.61375","13.99865","15.18407","13.616540000000001","17.759039999999999","1.95","9828.1485150000008"
"Burkina Faso",22100.6835,"11243.9115","3567.7294999999999",2.82859700874841,2.2357974571829,785.817,4.7718,39.2393,50.8468,59.2696,"87.4","82.626000000000005","4.7729999999999997","31.24","5.3979371216107497","3.9884561808410899",-0.592,"79.264920000000004","79.342330000000004","24.455500000000001","24.554929999999999","49.21367","44.106870000000001","68.344809999999995","65.72184","1.48","786.89563129999999"
"Burundi",12551.213,"6655.1840000000002","2053.8245000000002",3.14918000090578,2.335918136493,437.599,5.0779,43.0412,47.5142,61.6627,"95.197000000000003","90.363","4.8330000000000002","14.058","5.5694246186565097","4.6068786384112403",-1.148,"51.575159999999997","50.34675","11.77477","8.4287200000000002","32.989690000000003","26.318549999999998","64.597459999999998","59.008510000000001","1.74","261.24747250000001"
"Cabo Verde",587.925,"188.249","50.444499999999998",1.14358300465371,0.837124992814144,9.976,1.8956,54.3332,68.6183,74.0518,"47.176000000000002","39.168999999999997","8.0069999999999997","67.102000000000004","2.1960548698895002","1.3925252354209401",-2.165,"19.134779999999999","18.457139999999999","7.2346000000000004","8.2235600000000009","11.795540000000001","13.23869","29.26878","23.955880000000001","2.1","3603.7817930000001"
"Cambodia",16589.0235,"5756.4719999999998","1613.0635",1.43965968843714,0.890467017203541,320.934,2.3438,39.1286,58.6253,69.5835,"53.448","44.959000000000003","8.4890000000000008","24.667999999999999","2.7028285674361299","2.53404413824263",-1.462,"29.643640000000001","29.40767","10.630520000000001","11.072609999999999","17.148240000000001","12.104509999999999","53.84366","56.286909999999999","1.1599999999999999","1643.1213889999999"
"Cameroon",27198.628,"13338.934499999999","4345.8209999999999",2.67938278437586,2.28230993641416,950.546,4.4633,47.583,52.9317,60.3334,"82.256","77.331999999999994","4.9240000000000004","58.148000000000003","3.7945870934839299","3.1381349852821101",-0.363,"55.668120000000002","56.543210000000002","4.0037599999999998","12.72457","33.082279999999997","40.393970000000003","49.712299999999999","58.446629999999999","2.7","1507.450206"
"Canada",38155.012,"7214.6180000000004","1901.2375",1.00444812633883,0.719351424568435,373.728,1.4635,72.6118,79.2335,82.6565,"52.101999999999997","23.931000000000001","28.170999999999999","81.653000000000006","1.1277015236063399","0.86486214925802296",5.129,"1.6815199999999999","1.8121400000000001",NA,NA,"0.33148","0.24057999999999999","11.72597","12.03281","1.1000000000000001","46189.660109999997"
"Central African Republic",5457.1545,"3045.1885000000002","984.81100000000004",1.6742516563371,2.59004971092428,234.821,5.9783,45.0721,45.406,53.8947,"102.768","97.700999999999993","5.0670000000000002","42.648000000000003","2.2186901309613001","3.6939211162624002",-15.606,NA,NA,NA,NA,"42.855130000000003","61.411520000000003","76.060940000000002","85.821619999999996","4.4800000000000004","467.90744059999997"
"Chad",17179.74,"9343.1435000000001","3217.6824999999999",3.33700873760586,2.72419574217786,744.834,6.2549,40.6034,47.443,52.5254,"98.727000000000004","94.712000000000003","4.0149999999999997","23.780999999999999","3.73437212248745","4.0179204190320199",0.525,"85.036919999999995","87.161169999999998","17.309570000000001","35.042729999999999","54.935130000000001","69.53501","70.597980000000007","85.140360000000001","2.23","709.54031010000006"
"Chile",19493.1845,"4313.4735000000001","1151.0315000000001",1.08994646581566,0.293580337473314,229.116,1.5375,62.4906,76.8695,78.9435,"45.218000000000004","26.803000000000001","18.414999999999999","87.816999999999993","1.1805843054501699","0.40808963787765301",5.85,"4.2211100000000004","5.2520899999999999","5.96E-2","0.87883999999999995","3.3529599999999999","4.3962399999999997","4.52346","4.8978400000000004","2.89","14896.453869999999"
"China",1425893.4645,"300091.64","74789.700500000006",0.570299361850106,-0.0596808618680707,10881.567,1.164,56.607,71.8807,78.2107,"44.545999999999999","25.538","19.007000000000001","62.512","3.13110572189137","1.2087972417224",-0.14,NA,NA,NA,NA,NA,NA,NA,NA,"1.71","10216.63033"
"Colombia",51516.562,"13536.468500000001","3670.4720000000002",1.24477317568117,0.55380964818085,730.203,1.7168,61.5694,71.3201,72.8296,"43.503999999999998","30.991","12.513","81.739999999999995","1.70286130869189","0.87173975495789102",4.123,"1.3584000000000001","0","1.84815","0.54","1.5704400000000001","0.25041000000000002","18.055689999999998","15.639010000000001","3.88","6428.6762060000001"
"Comoros",821.6255,"363.46199999999999","113.68899999999999",1.93687269994713,1.58209927428545,24.18,3.9777,44.863,58.7565,63.4174,"74.116","66.623000000000005","7.4939999999999998","29.613","2.1523802789381801","2.50603891611757",-2.154,"70.606589999999997","69.573030000000003","18.137170000000001","18.17248","20.133620000000001","18.250399999999999","51.54992","48.139519999999997","2.48","1370.148207"
"Congo",5835.806,"2786.308","846.89449999999999",2.85013233006684,2.01232635255372,179.193,4.1707,53.6342,53.682,63.5187,"78.823999999999998","74.034999999999997","4.7889999999999997","68.283000000000001","3.53887179568411","2.59012302177113",-0.765,"71.458280000000002","69.610849999999999","14.941129999999999","16.328690000000002",NA,NA,NA,NA,"3.05","2279.9691309999998"
"Cook Islands",17.0025,"4.8174999999999999","1.4015",0.32741904170253,0.119332822824546,0.277,2.2449,64.3464,69.9754,74.7598,"53.771000000000001","36.415999999999997","17.356000000000002","75.72","1.0262047859958601","0.39764829902425602",-9.365,"14.10628","0","1.6447400000000001","2.3359299999999998","0.87260000000000004","1.2345699999999999","34.25","21.573599999999999",NA,NA
"Costa Rica",5153.957,"1278.3895","329.04750000000001",1.20324662517146,0.532650142298427,61.176,1.5335,65.3613,77.5857,77.0232,"45.093000000000004","29.814","15.279","81.424999999999997","2.6946731896485598","1.0804787455773699",0.404,"1.53728","1.4618199999999999","3.1863700000000001","3.31332","4.1207099999999999","3.5714999999999999","9.4566099999999995","7.0899099999999997","3.12","12243.81143"
"CÃ´te d'Ivoire",27478.249,"13378.887500000001","4202.0479999999998",2.22610710209769,2.21557677826462,932.943,4.418,44.3252,50.8423,58.5983,"79.215000000000003","74.908000000000001","4.3070000000000004","52.18","3.0869430224196299","3.0585708000759602",-0.764,"78.166489999999996","72.453580000000002","0.28266999999999998","7.0139500000000004","40.201349999999998","43.865859999999998","53.46087","62.862430000000003","6.35","2276.3332789999999"
"Croatia",4060.1355,"691.38250000000005","180.49",-0.497904059115313,-0.564668221291458,34.733,1.4518,68.9443,74.5836,77.5804,"56.515000000000001","22.126999999999999","34.387999999999998","57.878","-0.14375496731423901","3.1537824821945101E-2",-2.559,"3.5488400000000002","4.6611599999999997",NA,NA,NA,NA,"14.4147","10.02749","1.04","14944.35622"
"Cuba",11256.3725,"2141.7314999999999","553.01700000000005",0.0828467130302705,-0.23192695504745,100.445,1.4419,68.3978,76.1831,73.6829,"45.920999999999999","23.055","22.866","77.292000000000002","0.19968576421565801","-5.6046643611461201E-2",-0.628,"5.9780699999999998","2.8827799999999999","0.63966999999999996","0.93171999999999999","12.69275","12.150639999999999","16.476680000000002","12.419079999999999","0.9","8821.8188910000008"
"Cyprus",1244.188,"236.292","66.614500000000007",1.26796854610167,0.529677705980365,12.82,1.3208,68.9274,76.568,81.2033,"43.807000000000002","22.983000000000001","20.824000000000002","66.855999999999995","1.1395180884396501","0.69763326792869695",1.605,"0","3.2440500000000001","0.34225","0.81850000000000001","2.3743599999999998","2.24891","6.1130399999999998","8.7346599999999999","1.21","27858.370999999999"
"Czechia",10510.7505,"1983.164","550.58150000000001",0.135876134711069,-0.0136107825774241,103.948,1.6986,69.4892,74.9787,77.7283,"57.37","25.184000000000001","32.186","74.213999999999999","0.14057213503246399","0.230064923169012",0.345,"7.2923200000000001","7.5121799999999999","1.2112099999999999","0.49345","0.36948999999999999","0.47337000000000001","4.2029899999999998","4.3711599999999997","0.82","23489.838660000001"
"Democratic People's Republic of Korea",25971.909,"5940.1149999999998","1699.8579999999999",0.484089342073162,0.24340141226701,343.885,1.809,60.5707,60.7631,73.2845,"43.484000000000002","27.187999999999999","16.295999999999999","62.642000000000003","0.71630132142066305","0.69401708311439803",-0.061,NA,NA,NA,NA,NA,NA,NA,NA,NA,NA
"Democratic Republic of the Congo",95894.1185,"50791.484499999999","17697.9375",3.0812388274834,2.88854855888976,4034.953,6.1564,43.2839,51.7812,59.193,"97.97","92.105999999999995","5.8650000000000002","46.234999999999999","4.3284435325813497","4.0332357088739803",-0.674,NA,NA,NA,NA,NA,NA,NA,NA,"2.06","580.71686720000002"
"Denmark",5854.2405,"1151.8525","310.29399999999998",0.413908246142046,0.425025697650322,63.148,1.7187,73.3635,76.8137,81.3753,"57.317","25.43","31.885999999999999","88.24","0.57975154460940403","0.56121627017751397",3.893,"3.9842900000000001","2.8982000000000001","0.92461000000000004","0.42964000000000002","0.25602000000000003","0.84769000000000005","9.7680699999999998","8.7799399999999999","0.98","60213.092149999997"
"Djibouti",1105.5575,"408.80099999999999","116.3725",1.83182400714958,1.22293913051668,24.541,2.8041,47.5115,56.5734,62.3049,"54.478999999999999","47.533999999999999","6.9450000000000003","78.216999999999999","1.9260831915230401","1.44235437447279",0.671,"83.704890000000006","86.531130000000005","31.007059999999999","36.097560000000001","40.097769999999997","38.888359999999999","52.33914","53.025460000000002","2.04","3414.9248699999998"
"Dominica",72.4125,"17.718","4.6500000000000004",0.247650895540746,0.370348850232349,0.965,1.5949,65.4677,72.6932,72.814,"41.204999999999998","28.047000000000001","13.157999999999999","71.394999999999996","0.65474982459140696","0.75408355252811199",0.787,"7.4725299999999999","0","1.00813","0.77415","2.9481099999999998","1.0309299999999999","13.891730000000001","27.041360000000001","2.54","8110.5685119999998"
"Dominican Republic",11117.8735,"3625.9969999999998","1015.424",1.20481426865107,0.77804119837968,205.05,2.2727,56.1446,69.4232,72.6146,"52.735999999999997","41.787999999999997","10.948","83.212999999999994","2.58643554008209","1.3360390491421701",-1.345,"1.6147899999999999","1.22583","4.6196299999999999","3.5809000000000002","9.5192399999999999","8.26328","27.817019999999999","24.781400000000001","2.21","8282.1163589999996"
"Ecuador",17797.737,"5583.6205","1492.4295",1.57834464134956,0.931767312186475,298.989,2.0256,57.1518,72.8394,73.67,"50.92","39.387","11.532999999999999","64.361000000000004","1.87433490586225","1.28823206307793",2.019,"17.676749999999998","14.837770000000001",NA,NA,"5.2664799999999996","2.0666099999999998","22.25224","20.365970000000001","2.5099999999999998","6183.8238250000004"
"Egypt",109262.1775,"41987.5","12368.456",1.94890300247612,1.38509401060525,2465.005,2.9174,50.0132,68.0074,70.2207,"60.838000000000001","53.158000000000001","7.6790000000000003","42.862000000000002","1.9473450060456099","1.7984072082692499",-0.296,"63.339379999999998","63.216819999999998",NA,NA,"3.1257199999999998","1.60303","22.735279999999999","24.131399999999999","1.23","3019.205829"
"El Salvador",6314.1675,"1967.4525000000001","507.83949999999999",0.259901938444628,0.370132450645769,101.405,1.8031,51.4097,69.8647,70.7479,"51.314","38.981000000000002","12.333","74.117999999999995","1.30979910991736","1.0506731530562401",-4.321,"14.828379999999999","12.459680000000001","7.0349700000000004","6.6391999999999998",NA,NA,"42.015250000000002","40.72636","1.91","4187.2500309999996"
"Equatorial Guinea",1634.4655,"721.89599999999996","229.691",4.028099547443,2.04959345964527,49.749,4.266,30.2482,53.2264,60.5943,"72.16","66.739999999999995","5.42","73.561000000000007","5.9239675380166696","2.5465185481864201",3.976,"56.92183","55.089700000000001","55.777099999999997","54.814450000000001",NA,NA,NA,NA,NA,"8131.9238880000003"
"Eritrea",3620.312,"1711.9745","485.89449999999999",1.88619878165252,1.69215697902205,103.861,3.8674,41.0897,56.1105,66.5358,"77.902000000000001","70.772999999999996","7.1289999999999996","41.984999999999999","3.9889487479736498","3.0079100892146502",-4.131,"73.081270000000004","73.46575","44.992449999999998","49.806469999999997","32.036270000000002","40.289990000000003","44.930300000000003","52.588039999999999",NA,"642.50765909999996"
"Estonia",1328.701,"259.71249999999998","70.680499999999995",-0.23560887109077,-0.277745623558505,13.639,1.6761,69.8694,71.3298,77.1436,"58.33","26.076000000000001","32.253999999999998","69.415000000000006","-0.245160376301197","5.6370470579647902E-3",2.257,"6.9295999999999998","6.7223600000000001","2.8538700000000001","2.1088200000000001","1.6230899999999999","1.04433","1.7881100000000001","2.2042899999999999","1.1000000000000001","23717.799449999999"
"Eswatini",1192.271,"493.29149999999998","140.0675",0.647755448988984,0.917165237415766,28.831,2.8395,50.8043,47.2561,57.0657,"63.994999999999997","57.445999999999998","6.5490000000000004","24.369","0.94968675054287899","1.7654474993856699",-4.099,NA,NA,"14.566129999999999","15.9","2.5789599999999999","2.9464600000000001","14.33211","18.075009999999999","4.08","3894.679807"
"Ethiopia",120283.026,"56315.0285","17797.906999999999",2.66017229666644,2.20117383118462,3895.734,4.1591,42.8154,50.5378,64.9748,"75.745000000000005","70.23","5.516","22.173999999999999","4.5007291180432203","4.1412414714338901",-0.012,"55.420900000000003","58.659649999999999","8.8283299999999993","16.84797","44.948659999999997","49.194270000000003","72.809889999999996","75.240279999999998","1.46","855.76086229999999"
"Fiji",924.6095,"316.01249999999999","89.525499999999994",0.4780420405423,0.627259282304244,17.943,2.4748,61.713,66.31,67.114,"52.978000000000002","44.23","8.7479999999999993","57.74","1.32610267972965","1.34720901141545",-6.472,"10.731920000000001","15.344709999999999","0.57764000000000004","1.2056",NA,NA,"24.27176","9.2372599999999991","1.62","6175.8887199999999"
"Finland",5535.992,"1036.3724999999999","243.643",0.31437463486022,0.0590066146074946,46.891,1.3891,70.3242,77.6712,82.0381,"62.128","25.013999999999999","37.113","85.596000000000004","0.50373996136757604","0.173202378476187",2.7,"0.12336999999999999","2.2526299999999999","2.1814100000000001","1.5529900000000001","0.63697999999999999","0.30475999999999998","2.7724799999999998","4.9138200000000003","0.93","48771.373800000001"
"France",64531.444,"13567.713","3407.9105",0.450023340487048,0.148703631626862,677.303,1.79,72.0902,79.0472,82.4988,"63.122999999999998","28.34","34.783000000000001","81.242000000000004","0.76005160407773298","0.44340614858629201",0.319,"0","0.17218","0.30242000000000002","2.5559999999999999E-2","0.41549999999999998","0.51075000000000004","4.5054499999999997","3.6380300000000001","1.1000000000000001","40496.364029999997"
"Gabon",2341.179,"984.85299999999995","306.52699999999999",2.80166620293434,1.73458084284116,63.525,3.491,52.5546,61.069,65.821,"67.563000000000002","61.031999999999996","6.5309999999999997","90.423000000000002","3.4346011444100499","1.99037980152502",0.648,NA,NA,"23.746490000000001","22.841370000000001","31.769349999999999","28.640930000000001","43.571129999999997","40.019539999999999","1.64","7767.0134040000003"
"Gambia",2639.9155,"1330.6935000000001","412.351",2.77393591863799,2.15806673359424,87.84,4.6838,39.8713,56.9421,62.083,"84.974999999999994","80.468999999999994","4.5060000000000002","63.222000000000001","4.0502715096434496","2.9786890369446999",-0.742,"42.185409999999997","37.310079999999999","19.050319999999999","8.1125799999999995","21.63297","7.4339399999999998","48.389940000000003","36.7911","1.52","777.81193210000004"
"Georgia",3757.98,"920.09299999999996","261.12549999999999",-0.592821168520763,-0.265563511399809,50.43,2.0813,64.431,69.5754,71.694,"55.402999999999999","32.780999999999999","22.622","59.872","-1.30697777451082E-2","0.38606685056948897",-0.727,NA,NA,"1.1243300000000001","7.4329999999999993E-2","1.6665099999999999","0.58530000000000004","6.3225899999999999","3.5840299999999998","1.53","4697.9836480000004"
"Germany",83408.5545,"13835.790499999999","3971.3114999999998",0.102664690036053,-0.0619936096360161,763.168,1.53,70.6798,78.0637,80.6301,"56.356000000000002","21.692","34.664999999999999","77.543999999999997","0.25814070352829399","0.10984959321637799",3.757,"3.2834500000000002","2.6481599999999998","1.6274200000000001","0.30349999999999999","5.3682400000000001","3.1561599999999999","14.120279999999999","15.475860000000001","1.07","46467.516199999998"
"Ghana",32833.0315,"14290.52","4306.1189999999997",2.34519850016652,1.6949091998491,904.679,3.5633,47.8046,58.195,63.7954,"68.724000000000004","62.857999999999997","5.8659999999999997","57.984999999999999","3.6146304639307898","2.6053702331613602",-0.343,"7.6121800000000004","5.82226","6.8600099999999999","5.0701599999999996","9.2712900000000005","5.8972699999999998","25.00309","24.652270000000001","2.25","2202.1155669999998"
"Greece",10445.365,"1794.2165","433.23050000000001",-0.232448611580796,-0.400017183099768,79.072,1.371,72.8222,78.3771,80.1106,"57.65","22.166","35.484000000000002","80.037999999999997","0.205152964626412","-5.7907491370189003E-2",-1.417,"4.04922","2.5789200000000001","1.15124","0.61721000000000004","2.6510500000000001","3.7294900000000002","3.81996","6.2137900000000004","1.1399999999999999","19580.98833"
"Grenada",124.61,"35.298499999999997","10.07",0.670009688691457,0.479940237062095,1.99,2.0043,66.2157,72.7829,74.9362,"51.320999999999998","36.424999999999997","14.897","36.694000000000003","0.78063245519510904","1.0428768328957401",-0.682,"14.762930000000001","15.712680000000001","3.8014600000000001","2.82159",NA,NA,"11.665699999999999","11.409800000000001","1.62","10808.672119999999"
"Guatemala",17608.4835,"6929.6475","1927.3579999999999",1.86511087539424,1.28717126747481,372.146,2.3948,49.4386,67.4459,69.2368,"60.85","52.966999999999999","7.8819999999999997","52.244999999999997","2.5035475596916998","2.0580075240283202",-1.652,"17.702919999999999","17.213159999999998","11.065619999999999","10.020810000000001","32.696080000000002","36.76773","61.874400000000001","64.20129","2.42","4619.9852579999997"
"Guinea",13531.906,"6562.4189999999999","2096.5814999999998",2.19003625321879,2.09221215453018,465.954,4.3987,39.0083,52.4794,58.8922,"82.445999999999998","76.322999999999993","6.1219999999999999","37.264000000000003","3.03661420836429","3.1455560802181801",-0.323,"50.976329999999997","54.520960000000002","7.6785800000000002","21.340229999999998","46.062269999999998","61.88214","62.977739999999997","78.443889999999996","1.34","962.83990859999994"
"Guinea-Bissau",2060.721,"975.43050000000005","295.173",2.34917073300504,1.90170269924278,64.086,4.0055,38.0253,50.1209,59.6523,"76.596999999999994","71.631","4.9660000000000002","44.616999999999997","3.2938756284592898","2.7444543432869",-0.677,NA,NA,NA,NA,NA,NA,NA,NA,"3.28","697.29492689999995"
"Guyana",804.567,"274.96100000000001","79.052999999999997",0.233519658581427,0.561916940117945,16.375,2.3972,60.4692,64.4833,65.6734,"53.555999999999997","44.09","9.4659999999999993","26.896999999999998","-9.4140716234133101E-2","1.14234987850821",-5.35,NA,NA,NA,NA,NA,NA,NA,NA,"2.4","6609.5864250000004"
"Haiti",11447.569,"4396.7579999999998","1276.9369999999999",1.43771031666372,1.05634562366332,269.377,2.8143,47.3372,58.3652,63.1924,"58.347999999999999","51.238","7.109","57.963999999999999","3.6865117409473398","2.22550939950015",-2.877,NA,NA,NA,NA,NA,NA,NA,NA,"6.45","1272.4909250000001"
"Holy See",0.511,NA,NA,-1.06258833959147,0.673708837761109,0.002,1.0077,71.4752,79.2998,82.3371,NA,NA,NA,NA,NA,NA,0,"0","0","0","0","0","0","0","0",NA,NA
"Honduras",10278.3455,"3784.3969999999999","1056.3865000000001",1.99552493479448,1.33631534307208,216.645,2.363,54.4398,68.6618,70.1229,"53.307000000000002","46.871000000000002","6.4359999999999999","58.981999999999999","3.1851666764507698","2.21863262971923",-0.562,"25.19501","23.23781","16.494160000000001","14.86876","40.692450000000001","38.242750000000001","60.407609999999998","54.917409999999997","3.13","2574.9121909999999"
"Hungary",9709.786,"1706.51","468.41149999999999",-0.21553890167307,-0.100935594457479,91.895,1.5782,69.2194,71.7579,74.5301,"53.783000000000001","22.381","31.402000000000001","72.245000000000005","0.29890347853819899","0.29469547778761801",2.049,"5.5195800000000004","8.1807200000000009","5.2681100000000001","5.6764799999999997","2.77284","3.1979299999999999","12.5985","11.36946","0.99","16729.78037"
"Iceland",370.335,"82.563999999999993","22.002500000000001",1.25934326850404,0.568668151974381,4.572,1.7329,73.5528,79.8915,82.6782,"50.499000000000002","28.036000000000001","22.463000000000001","93.944000000000003","1.3358732000895699","0.62099202001486897",1.681,"7.69231","2.1884800000000002","0.37367","0.54308999999999996","0.50094000000000005","0.4637","17.304569999999998","14.23123","0.8","67084.083710000006"
"India",1407563.842,"438163.7965","115307.4255",1.31411913456033,0.741120492654214,23113.533,2.0308,48.2407,62.6693,67.2398,"48.125999999999998","38.049999999999997","10.076000000000001","35.393000000000001","2.4236008977459198","2.00649894919647",-0.215,"15.158239999999999","14.313090000000001","6.4284699999999999","4.2089699999999999","16.66883","13.415459999999999","43.416609999999999","41.207999999999998","3.55","2099.599048"
"Indonesia",273753.191,"83187.5285","22414.316500000001",1.13793041259122,0.654435896823016,4496.383,2.1746,52.9915,66.4334,67.5703,"47.615000000000002","37.606999999999999","10.007999999999999","57.29","2.56181550020839","1.5987506431402601",-0.055,"8.2051400000000001","0","3.39134","7.98367","18.977709999999998","13.531510000000001","22.847770000000001","22.19379","1.65","4135.5692630000003"
"Iran (Islamic Republic of)",87923.4325,"24425.466499999999","6896.0434999999998",1.36433621638382,0.56828853366929,1204.105,1.6919,50.2041,69.6909,73.8749,"45.32","34.601999999999997","10.717000000000001","76.344999999999999","2.1716455097140299","1.0643227724920701",0.319,"36.553109999999997","34.556249999999999",NA,NA,"0.75616000000000005","2.7848600000000001","17.03613","17.516940000000002","1.93","5550.0609569999997"
"Iraq",43533.5925,"19351.612499999999","5690.6930000000002",2.60440533940152,1.96075326316302,1192.345,3.4955,60.1861,66.8171,70.3779,"71.03","65.197999999999993","5.8319999999999999","71.119","2.7681974758530301","2.2969721502478202",-1.379,NA,NA,NA,NA,NA,NA,NA,NA,"1.95","5955.1090100000001"
"Ireland",4986.526,"1188.9055000000001","304.69",1.29431737102156,0.571227483184489,58.563,1.7678,70.8348,76.5423,81.9976,"53.238","30.515000000000001","22.724","63.911999999999999","1.64329517551843","1.0032531358352199",3.077,"0","0.28908",NA,NA,NA,NA,"1.7606200000000001","0.94896000000000003","1.03","78778.994770000005"
"Israel",8900.059,"2930.0895","889.86699999999996",1.70878268090695,1.32800607313336,174.335,2.9764,71.3617,78.9276,82.255,"66.944999999999993","47.027999999999999","19.917000000000002","92.674000000000007","1.7805014987722001","1.41964277500973",1.896,"0.46901999999999999","0",NA,NA,NA,NA,NA,NA,"1.38","43588.713309999999"
"Italy",59240.3295,"9203.2729999999992","2160.9185000000002",0.207259327316636,-0.30392435557037,410.487,1.2825,71.6286,79.6072,82.8502,"57.064999999999998","19.872","37.194000000000003","71.346000000000004","0.47025193257486603","0.100911424152048",0.473,"8.0108099999999993","8.9389599999999998","3.3526699999999998","3.65387","2.2631000000000001","2.6381999999999999","6.1364900000000002","5.2918000000000003","1.26","33225.64849"
"Jamaica",2827.6945,"712.15499999999997","169.255",0.365221968551406,-0.0519745887236011,33.15,1.352,66.7021,70.9442,70.5003,"37.999000000000002","28.013000000000002","9.9860000000000007","56.652000000000001","0.76155299200180404","0.57761158813194502",-2.001,NA,NA,"37.442149999999998","29.017880000000002",NA,NA,"57.412930000000003","33.266199999999998","1.66","5582.2637779999995"
"Japan",124612.5305,"17962.487000000001","4286.3035",-0.0589123062462557,-0.50210951642471,818.509,1.2974,71.9874,81.1759,84.7839,"71.119","20.146999999999998","50.970999999999997","91.867000000000004","0.67642714662944103","-0.411242047172378",0.703,NA,NA,NA,NA,NA,NA,NA,NA,"1.32","40246.880129999998"
"Jordan",11148.2775,"4289.2735000000002","1195.0989999999999",3.67040098642228,0.799513204233656,244.557,2.8297,59.8699,71.9178,74.2563,"57.066000000000003","51.218000000000004","5.8490000000000002","91.626000000000005","4.4098200711678599","0.97374803487685402",1.29,"50.62641","50.090330000000002","19.605250000000002","20.57892","27.836030000000001","27.862570000000002","46.122430000000001","40.675879999999999","1.86","4405.4884119999997"
"Kazakhstan",19196.4655,"6497.5294999999996","2008.6724999999999",1.04603946298862,0.975125003275361,413.483,3.0836,60.5068,64.1781,69.3622,"59.954999999999998","47.238999999999997","12.715999999999999","57.820999999999998","1.17772654034989","1.33867077353259",-0.985,"21.98864","22.540459999999999","9.9063599999999994","9.3024299999999993",NA,NA,NA,NA,"0.98","9812.5265880000006"
"Kenya",53005.614,"24049.733499999998","6913.1059999999998",2.48467339191568,1.76193647539204,1468.358,3.3351,53.5749,54.4112,61.427,"70.180999999999997","65.340999999999994","4.84","28.492999999999999","4.1118556869078997","3.3741004194791899",-0.991,NA,NA,NA,NA,NA,NA,NA,NA,"1.92","1816.546916"
"Kiribati",128.874,"53.457500000000003","16.665500000000002",1.68228551450512,1.4737113854704,3.51,3.3038,54.5273,64.4091,67.4172,"66.427999999999997","60.198","6.2290000000000001","56.335000000000001","2.91015402680179","2.4899041260075601",-2.294,"4.4344200000000003","0",NA,NA,NA,NA,NA,NA,"1.61","1655.078839"
"Kuwait",4250.114,"1042.7405000000001","258.86599999999999",3.86913133767818,0.415912931656857,44.412,2.1096,66.5303,76.722,78.6729,"34.368000000000002","28.379000000000001","5.99","100","3.91699007983771","0.415912931656857",-8.636,"33.179929999999999","27.907450000000001","4.37744","0.88499000000000005","8.5291999999999994","3.8315999999999999","19.545559999999998","16.96256","2.37","32000.448469999999"
"Kyrgyzstan",6527.7435,"2574.1385","804.79150000000004",1.2561308002667,1.32793151627729,157.661,2.9912,58.1788,65.3982,69.9774,"63.531999999999996","56.360999999999997","7.1710000000000003","37.146000000000001","1.4618075741869001","2.2730672016159001",-2.526,"13.518409999999999","12.264860000000001",NA,NA,"0.19184999999999999","0.83753999999999995","29.504349999999999","25.04646","1.01","1309.53496"
"Lao People's Democratic Republic",7425.0575,"2739.0245","789.70500000000004",1.42110480442621,1.16626045005453,163.261,2.4961,43.563,58.3779,68.0608,"54.735999999999997","47.994","6.742","36.939","3.8094179914781399","2.6855312908741502",-1.387,"29.86975","29.0349","7.51424","8.9921600000000002","30.462250000000001","30.525549999999999","45.193539999999999","49.3581","1.56","2534.8982799999999"
"Latvia",1873.919,"348.34449999999998","93.310500000000005",-1.10500034375058,-0.989876325899367,17.024,1.5827,70.0141,70.2517,73.5786,"59.341000000000001","24.899000000000001","34.441000000000003","68.421000000000006","-1.0876820219394401","-0.77616387276501597",-3.63,"2.9184399999999999","1.4759800000000001","1.53329","0.80117000000000005","1.9977799999999999","1.4697800000000001","5.7329499999999998","3.7897599999999998","1.42","17819.271379999998"
"Lebanon",5592.631,"1846.616","445.13600000000002",1.28826798082801,-1.66684148095473,84.45,2.0912,66.7592,73.9309,75.0472,"59.338000000000001","44.006999999999998","15.332000000000001","89.093000000000004","1.44753475026139","-1.4967956232256101",-20.377,NA,NA,NA,NA,NA,NA,NA,NA,"1.21","7583.6947220000002"
"Lesotho",2281.4545,"915.61850000000004","274.80349999999999",0.572803973169176,0.948345898838349,59.581,3.0176,51.0116,48.4266,53.062,"62.091000000000001","55.271000000000001","6.8209999999999997","29.48","2.4556035065405202","2.3858827582243398",-0.653,"58.143689999999999","57.12182","7.66526","5.9765300000000003","17.611889999999999","11.457560000000001","38.368540000000003","29.405740000000002","2.44","1118.1312840000001"
"Liberia",5193.4155,"2491.6084999999998","745.35400000000004",2.68447941500759,1.91724636690208,162.685,4.0885,40.5988,51.356,60.7472,"79.706000000000003","73.701999999999998","6.0039999999999996","52.573","3.4524298313909401","2.7840357277255601",-2.281,"21.139050000000001","21.265820000000001","21.639030000000002","21.0684","17.02007","25.67108","20.06859","31.108129999999999","1.44","621.89295360000006"
"Libya",6735.277,"2331.6734999999999","614.40150000000006",1.21563372145755,0.95972134081711,120.072,2.4624,55.1887,70.6804,71.9112,"50.780999999999999","43.51","7.2709999999999999","80.994","1.4766552465384899","1.28505970318471",-0.103,NA,NA,NA,NA,NA,NA,NA,NA,NA,"7685.949267"
"Liechtenstein",39.0395,"6.8514999999999997","1.8714999999999999",0.761787204807483,0.518344763012155,0.358,1.4946,65.2041,76.9804,83.2575,"50.165999999999997","21.846","28.32","14.471","0.53159279083470901","1.1768611707297201",5.921,"0","6.0428199999999999","2.8481000000000001","1.82599","1.42672","6.5530799999999996","2.0833300000000001","16.006879999999999",NA,"181402.83"
"Lithuania",2786.6505,"498.78300000000002","139.88849999999999",-1.16191182909934,-0.884025162231222,26.862,1.6222,70.6731,72.0888,73.7201,"55.697000000000003","23.638999999999999","32.058","68.248999999999995","-1.08714847325007","-0.544167923477893",-4.245,"3.69624","3.9539300000000002",NA,NA,NA,NA,"3.5477400000000001","1.99241","1.46","19550.727780000001"
"Luxembourg",639.321,"121.5805","33.381500000000003",1.75983370118081,0.914136760842728,6.589,1.3877,69.5799,77.8112,82.6287,"44.215000000000003","22.95","21.265000000000001","91.671999999999997","2.1524063305196499","1.0872327732786",10.928,"0.44893","0","1.1222700000000001","0.99038000000000004","1.34392","3.6072600000000001","20.652480000000001","17.307690000000001","1.23","114685.1684"
"Madagascar",28915.6525,"13291.7395","4150.9584999999997",2.63899702787376,2.11141881912528,895.045,3.8514,47.5067,57.9382,64.4853,"74.513999999999996","68.754999999999995","5.7590000000000003","39.207000000000001","4.3115333750634202","3.5699704808466599",-0.026,"43.326830000000001","38.005369999999999",NA,NA,"31.060490000000001","28.994330000000001","63.243099999999998","64.336309999999997","2.13","523.35906450000004"
"Malawi",19889.742,"10051.8505","3034.1039999999998",2.59788470594947,2.29593713191198,653.703,3.9165,36.7308,44.5181,62.9044,"84.685000000000002","79.701999999999998","4.9829999999999997","17.695","3.4374775722156499","3.94192213535608",-0.089,NA,NA,NA,NA,"18.989740000000001","18.138649999999998","62.094859999999997","75.793239999999997","2.35","411.55234039999999"
"Malaysia",33573.8735,"9310.5264999999999","2572.0610000000001",1.75925276134115,0.908075575064306,511.313,1.803,63.1106,72.7755,74.8839,"43.290999999999997","32.902000000000001","10.388999999999999","77.695999999999998","2.8026710449598502","1.4373927730573299",1.376,"10.18394","9.1459299999999999","1.82884","1.36626","12.818059999999999","9.5690100000000005","42.135820000000002","36.699849999999998","1.96","11414.206980000001"
"Maldives",521.4575,"131.649","38.013500000000001",2.85415944522097,-0.0310665656355881,7.337,1.6916,45.0679,70.8759,79.9182,"35.615000000000002","29.452999999999999","6.1619999999999999","41.101999999999997","4.6818600891859203","0.89818851082676698",2.283,"8.0408299999999997","5.3695000000000004","3.1670799999999999","0.72511999999999999","2.7302900000000001","14.79679","55.290950000000002","44.480589999999999","1.19","10626.5134"
"Mali",21904.983,"11904.463","4004.1725000000001",3.02731258301022,2.74719008486863,912.901,5.9564,32.5316,50.5393,58.9414,"99.325999999999993","94.468000000000004","4.8579999999999997","44.677","5.1096014518955197","4.1414290221152603",-1.014,"53.491439999999997","56.883150000000001","37.910679999999999","44.167839999999998","49.390549999999998","56.252220000000001","71.433059999999998","78.919449999999998","1.28","879.00801039999999"
"Malta",526.748,"82.028499999999994","23.542999999999999",1.2160497769304,0.48208997969033,4.664,1.1783,69.1233,77.58,83.7769,"47.061","19.315999999999999","27.745999999999999","94.81","1.3369922488381001","0.54424603401245097",19.955,"0","5.2326800000000002",NA,NA,"1.93618","1.20306","9.6977600000000006","6.8574999999999999","0.99","29737.24598"
"Marshall Islands",42.05,"16.2135","4.4169999999999998",-1.05886849136304,0.272191196652633,0.829,2.7288,58.5379,63.2748,65.2688,"59.868000000000002","53.048999999999999","6.819","78.162000000000006","-0.45856677539644303","0.64661842041874396",-44.231,"37.912089999999999","41.201720000000002","29.331009999999999","30.232030000000002","29.930250000000001","25.81072","45.731909999999999","40.981389999999998",NA,"3788.1635940000001"
"Mauritania",4614.974,"2252.4679999999998","694.68",2.43984529627701,2.35769512848668,153.242,4.3976,51.0376,61.0282,64.3636,"82.712000000000003","76.757000000000005","5.9550000000000001","56.133000000000003","4.2173833988986598","3.4894602921006501",-0.324,NA,NA,"24.984439999999999","21.24662","30.776019999999999","25.472049999999999","63.071170000000002","58.783670000000001","1.25","1679.4448729999999"
"Mauritius",1298.9145,"272.0095","66.396500000000003",0.310390882765538,0.0530596595493509,13.437,1.4105,60.8104,71.6366,73.5552,"40.71","23.411000000000001","17.298999999999999","40.774999999999999","9.2319983501800998E-2","0.292974101194445",-0.368,"6.7153999999999998","11.81775",NA,NA,"4.6610199999999997","2.09903","26.029949999999999","17.47775","1.59","11099.24028"
"Mexico",126705.138,"38144.237500000003","9892.5125000000007",1.20282474233023,0.595902943965719,1882.362,1.8223,60.6898,73.5692,70.2127,"49.447000000000003","37.292000000000002","12.156000000000001","81.016000000000005","1.5711489334800299","0.90259355791014595",-0.416,"1.8538300000000001","0",NA,NA,"8.8072999999999997","6.4444699999999999","28.676290000000002","24.566700000000001","2.6","9946.033829"
"Micronesia (Federated States of)",113.131,"41.902999999999999","11.362500000000001",0.0169357736786354,0.821105125703608,2.357,2.7114,61.0345,69.769,70.71,"57.676000000000002","48.401000000000003","9.2750000000000004","23.068000000000001","0.143820799534677","1.57321923212868",-5.597,"29.705400000000001","34.434780000000003","17.31298","16.014949999999999","15.10188","10.27919",NA,NA,"1.83","3568.2910160000001"
"Monaco",36.686,"5.5430000000000001","1.6445000000000001",0.612521868120148,-0.264812184347322,0.322,2.1109,73.3328,81.5659,85.9463,"95.221000000000004","25","70.221000000000004","100","0.61252186812014797","-0.26481218434732201",5.631,NA,NA,NA,NA,NA,NA,NA,NA,NA,"185829.01800000001"
"Mongolia",3347.7825,"1220.0105000000001","379.98950000000002",1.40817421936741,1.14453257124192,71.668,2.8371,52.6783,62.8821,70.9754,"58.353000000000002","51.356000000000002","6.9969999999999999","68.784999999999997","2.2831323638418799","1.3996493550187901",0,"2.8954900000000001","4.9013900000000001","1.87574","3.25075","7.7888200000000003","7.2981999999999996","14.877370000000001","8.7446400000000004","1.27","4339.8432789999997"
"Montenegro",627.8585,"136.41749999999999","36.805",-0.0322674213255864,-0.106868575083067,6.965,1.6914,69.2757,73.9793,76.3426,"52.533999999999999","27.733000000000001","24.800999999999998","67.825999999999993","0.64473827400542905","0.33752504385663701",-0.161,"15.386649999999999","17.112760000000002","2.85189","2.6972399999999999","5.9575500000000003","6.2184100000000004","13.12744","10.23907","1.34","8910.4959340000005"
"Montserrat",4.417,"0.76500000000000001","0.19450000000000001",-0.630900871647995,-0.411180390678861,0.04,1.5735,64.3671,74.584,75.593,"43.947000000000003","19.244","24.702999999999999","9.1530000000000005","6.38906950947373","0.29474292516582601",-8.996,"19.354839999999999","0","14.522819999999999","15.178570000000001",NA,NA,NA,NA,NA,NA
"Morocco",37076.5845,"11778.819","3285.3009999999999",1.19361510443418,0.83684209148642,650.892,2.328,48.8073,66.7869,74.0419,"52.155000000000001","40.856999999999999","11.297000000000001","64.064999999999998","2.0267148182220902","1.54409510089846",-1.246,"24.140930000000001","30.13043","2.2540399999999998","2.5592899999999998","5.87188","8.5172500000000007","24.059529999999999","26.798210000000001","1.83","3204.0950029999999"
"Mozambique",32077.072,"16167.655500000001","5260.3514999999998",2.67758498720404,2.47196213660214,1174.346,4.6444,41.7553,49.4912,59.3247,"86.123999999999995","81.308000000000007","4.8159999999999998","37.628","3.8311396158407098","3.7933227392571101",-0.297,NA,NA,"1.0876300000000001","3.72295","34.966729999999998","40.983580000000003","56.584829999999997","65.889750000000006","3.83","503.57077270000002"
"Myanmar",53798.0845,"16125.124","4491.3954999999996",0.760431610881689,0.587173344469543,920.395,2.1514,50.7126,60.1546,65.6716,"46.006999999999998","36.329000000000001","9.6780000000000008","31.448","1.4354931128000701","1.64660086675558",-0.657,"88.271860000000004","88.189940000000007",NA,NA,"22.107230000000001","19.814540000000001","46.89922","38.39902","1.17","1407.8131430000001"
"Namibia",2530.1505,"1060.4585","332.5745",1.49312373429797,1.42047208301707,69.486,3.3025,53.6304,51.9903,59.269,"67.319000000000003","60.58","6.74","53.005000000000003","3.7529017849320101","2.8303490002475198",-1.698,"32.640590000000003","29.608419999999999",NA,NA,"2.68947","0.49104999999999999","22.002459999999999","23.26538","6.2","4957.4582220000002"
"Nauru",12.5115,"5.5655000000000001","1.71",0.815592369490111,0.739067497554028,0.346,3.5187,60.0421,58.7323,63.617,"69.855000000000004","65.971999999999994","3.883","100","0.81559236949011105","0.73906749755402801",-5.261,"7.9808899999999996","0","5.7989699999999997","2.8720599999999998","12.32558","3.50467","51.515149999999998","60.101010000000002","1.85","9396.9819669999997"
"Nepal",30034.9895,"10741.8585","2951.7294999999999",0.848319127874795,1.10269017520233,609.79,2.0293,42.8266,62.6145,68.4495,"54.896000000000001","45.527000000000001","9.3689999999999998","21.007999999999999","2.8916264934003202","2.9995391023112701",9.922,"6.17936","15.03393",NA,NA,"7.43954","3.1643400000000002","25.826740000000001","12.69271","1.29","1071.050761"
"Netherlands",17501.6955,"3308.5320000000002","865.6925",0.438998069486438,0.26173173518214,180.273,1.6404,73.6279,78.1222,81.6873,"54.927999999999997","24.018000000000001","30.91","92.572000000000003","1.31143128862208","0.50629435436826997",3.287,"2.6932100000000001","2.3090799999999998","1.38737","0.53208","3.2571599999999998","2.2717399999999999","1.25868","0.48169000000000001","0.99","52295.039049999999"
"New Zealand",5129.7275,"1159.2384999999999","310.23349999999999",1.29595459113496,0.748818539809644,63.557,1.7733,71.2195,78.6782,82.4513,"53.418999999999997","28.981999999999999","24.437000000000001","86.789000000000001","1.3333398159118399","0.86716131045275802",7.479,"7.8233800000000002","9.2433899999999998","1.32287","0.57011999999999996","0.17013","2.6190000000000001E-2","4.0150100000000002","0.79569999999999996","1.37","41557.802409999997"
"Nicaragua",6850.54,"2450.9360000000001","697.80449999999996",1.31729474045973,1.17576696874978,140.589,2.3213,54.9503,67.2335,73.8368,"54.406999999999996","46.442","7.9649999999999999","59.277000000000001","1.6365787206048401","1.66328093082067",-1.515,NA,NA,NA,NA,NA,NA,NA,NA,"2.6","1912.9037450000001"
"Niger",25252.722,"14055.611000000001","4972.1764999999996",3.51858391625848,3.36087237233884,1144.371,6.82,36.0615,49.3216,61.5763,"105.44","100.47","4.97","16.751000000000001","3.64630326880794","4.4271303116132099",-0.174,"76.306569999999994","76.045689999999993","37.269410000000001","44.906529999999997","60.968380000000003","69.057760000000002","83.510930000000002","88.884100000000004","1.38","553.89505039999995"
"Nigeria",213401.3225,"106611.133","34830.798499999997",2.51490789390643,2.10405925094557,7923.294,5.2374,39.7131,47.1928,52.676,"86.108000000000004","80.558999999999997","5.5490000000000004","52.746000000000002","4.4180962173838498","3.28860483185123",-0.358,NA,NA,NA,NA,NA,NA,NA,NA,"1.43","2229.8586959999998"
"Niue",1.937,"0.60350000000000004","0.14399999999999999",-0.310772368783969,0.028036750336012,0.027,2.4485,64.0004,67.4341,70.819,"70.361000000000004","44.942999999999998","25.417999999999999","46.890999999999998","1.28173620047655","1.18144928192857",-2.043,"0","38.095239999999997",NA,NA,NA,NA,NA,NA,NA,NA
"North Macedonia",2103.33,"407.92200000000003","105.471",0.167896918436974,-0.168709189912743,20.114,1.3633,63.7347,72.8567,73.8415,"44.58","23.228000000000002","21.352","58.786000000000001","0.16252588968186801","0.47150560142181802",-0.231,"51.468339999999998","51.141970000000001","0.61029","0.79232999999999998",NA,NA,NA,NA,"1.1000000000000001","6022.216179"
"Norway",5403.021,"1107.8510000000001","279.90350000000001",0.859705654587936,0.602387138710127,53.868,1.5034,74.0714,78.6919,83.2339,"53.999000000000002","26.128","27.870999999999999","83.322999999999993","1.27651918863305","0.93679296958940494",1.964,"4.4895199999999997","4.3273999999999999","4.5900000000000003E-2","0.11974","0.36675000000000002","1.2541500000000001","8.4805200000000003","7.8667199999999999","0.87","75419.634869999994"
"Oman",4520.471,"1368.6555000000001","443.01949999999999",3.15099183793521,1.03877703212824,83.496,2.6233,47.6785,73.4658,72.5406,"41.966000000000001","38.003999999999998","3.9620000000000002","87.043999999999997","4.0409415543257499","1.5917692396022001",-4.558,"13.44289","14.009510000000001",NA,NA,"2.40822","2.9162499999999998","7.6554500000000001","16.858799999999999",NA,"15343.062"
"Pakistan",231402.1165,"100537.57950000001","29604.478500000001",1.84030722724868,1.70382409652397,6374.741,3.4698,54.7599,62.1018,66.0979,"69.956999999999994","62.781999999999996","7.1749999999999998","37.44","2.40890484663286","2.5253614874612702",-2.035,"0","11.90822",NA,NA,NA,NA,NA,NA,"1.37","1284.702041"
"Palau",18.024,"4.5065","1.3065",-0.443320113072449,-0.0268489889966809,0.273,2.409,56.4697,65.8914,66.0204,"43.841000000000001","30.154","13.686999999999999","81.483000000000004","0.22805513564909199","0.41729660535467",0.166,"20.013570000000001","0",NA,NA,NA,NA,NA,NA,"3.8","14901.98353"
"Panama",4351.267,"1365.6255000000001","384.82499999999999",1.70534164048466,1.13250829818436,76.933,2.3252,65.0832,74.0015,76.2233,"53.783999999999999","40.610999999999997","13.172000000000001","68.775000000000006","2.1589351507702998","1.6250635043564099",1.259,"88.181569999999994","88.321240000000003","10.40943","10.61598","12.72752","11.60816","35.45599","30.830110000000001","3.43","15731.016030000001"
"Papua New Guinea",9949.437,"4056.8919999999998","1206.5035",2.7189274737985,1.5917702487202,253.72,3.2147,52.1266,61.7199,65.3506,"60.48","55.497999999999998","4.9809999999999999","13.456","2.7695082779201301","2.7660094818222398",1.075,"28.440619999999999","28.794129999999999","4.4779400000000003","10.375389999999999","23.647770000000001","31.64995","50.142690000000002","60.19473","2.06","2829.1703090000001"
"Paraguay",6703.799,"2305.3389999999999","681.63300000000004",1.21903886267603,1.04558908147289,138.365,2.4689,62.6844,69.7502,70.2617,"54.439","44.819000000000003","9.6189999999999998","62.496000000000002","1.77498324537562","1.5460228627093899",-1.227,"22.65654","22.527529999999999",NA,NA,NA,NA,"31.839960000000001","28.150200000000002","2.75","5414.7991380000003"
"Peru",33715.4715,"10639.093000000001","2917.1689999999999",1.0606881250748,0.88310667327621,593.523,2.1917,47.1602,70.424,72.3769,"53.024000000000001","40.290999999999997","12.733000000000001","78.5","1.3915198865909","1.1395377466482099",2.019,"0","0.58230999999999999",NA,NA,"3.45729","3.33291","15.30081","21.040369999999999","2.17","6977.6957839999995"
"Philippines",113880.328,"41440.853999999999","11922.968000000001",1.73347375411328,1.30107077404294,2485.008,2.7476,61.6919,69.4134,69.2664,"56.16","47.841999999999999","8.3170000000000002","47.683999999999997","1.8630885626879901","1.95146472284466",-0.703,"35.62641","33.0749","3.2350099999999999","3.9037600000000001","11.81499","6.8048900000000003","23.72598","17.062989999999999","2.33","3485.084218"
"Poland",38307.7255,"6981.6970000000001","1908.41",-0.00941632267536537,0.0641553376411388,363.427,1.4587,69.5877,73.7335,76.4572,"51.988999999999997","23.36","28.629000000000001","60.075000000000003","-0.14028415303221201","0.287883955479938",-0.077,"0.81057999999999997","1.51013","1.3267100000000001","0.94869000000000003","2.2947299999999999","4.3273400000000004","2.1684399999999999","2.4743200000000001","1.02","15694.73863"
"Portugal",10290.103,"1690.1120000000001","432.60649999999998",-0.00112535358165646,-0.210765074109488,80.48,1.3631,67.0593,76.8304,81.0443,"56.015999999999998","20.818000000000001","35.198","66.849000000000004","0.941707713279192","0.45724265383488399",2.656,"7.9054399999999996","6.35548","6.0780000000000001E-2","1.1977599999999999","0.32218000000000002","0.36214000000000002",NA,NA,"1.22","23213.978200000001"
"Qatar",2688.235,"474.98649999999998","145.23099999999999",6.916302218712,0.307305469128979,26.529,1.8008,66.5321,74.8279,79.2716,"20.721","19.036000000000001","1.6850000000000001","99.278000000000006","7.05872239008138","0.33447297690848699",-11.396,"5.5777700000000001","4.59457","3.3870399999999998","0.34760999999999997","4.1243499999999997","9.7807899999999997",NA,NA,NA,"62088.061829999999"
"Republic of Korea",51830.139,"7517.0834999999997","1651.33",0.48863398629691,-0.0977504957203412,289.006,0.8799,62.2668,76.4661,83.6978,"39.945","16.643000000000001","23.302","81.414000000000001","0.59467861125021604","-2.7119755906467698E-2",0.839,"10.88626","10.417070000000001","0.90376000000000001","0.94547000000000003","4.8003099999999996","4.9438000000000004","7.26356","7.66587","1.36","31846.218229999999"
"Republic of Moldova",3061.5065,"708.81500000000005","202.47",-1.52755700377557,0.261087118926865,38.146,1.8058,63.8851,66.4168,68.8459,"50.177","29.744","20.433","42.997999999999998","-1.71710407180541","0.80701435700657798",-4.653,"0","0.66220999999999997",NA,NA,NA,NA,"12.90962","11.643000000000001","0.9","4494.0237969999998"
"Romania",19328.56,"3721.5369999999998","1029.1824999999999",-0.57121987282854,-0.197897469604673,195.366,1.748,67.5633,71.2823,74.1847,"53.728999999999999","24.638000000000002","29.091000000000001","54.329000000000001","-0.46549216421720602","0.201817793258453",-0.658,"14.9894","16.039919999999999","12.607570000000001","12.76272","10.88256","11.50418","21.298030000000001","19.07057","1.37","12913.07396"
"Russian Federation",145102.755,"30177.784500000002","7890.3024999999998",-0.039973186750237,-0.2650715240644,1397.456,1.4927,67.6871,65.2711,69.419,"49.954000000000001","26.571000000000002","23.382999999999999","74.933999999999997","5.0313565420194897E-2","1.3955874034626699E-2",2.212,"6.7445300000000001","7.3433999999999999","0.96316999999999997","0.20568","2.2476400000000001","1.4997799999999999","2.8462800000000001","2.0912199999999999","1.38","11584.99538"
"Rwanda",13461.8875,"6161.5320000000002","1888.6320000000001",2.30023132475436,1.99685222401197,403.681,3.8207,47.153,47.1292,66.0722,"72.512","67.087999999999994","5.423","17.568000000000001","3.0392929387216099","3.07131483125172",-0.454,"47.73706","46.801110000000001","6.4878400000000003","6.1964800000000002","5.5450200000000001","2.0014099999999999","50.230719999999998","49.36591","2.25","820.02524170000004"
"Saint Kitts and Nevis",47.6065,"11.28","3.0045000000000002",0.223192402274374,0.114622087870727,0.578,1.5307,61.291,69.7815,71.6822,"41.704999999999998","28.02","13.685","30.905999999999999","-6.6558733025361597E-2","0.56682488639419604",-1.889,"0","21.174389999999999",NA,NA,NA,NA,"3.7831000000000001","5.1682699999999997",NA,"19934.97453"
"Saint Lucia",179.6515,"40.459499999999998","10.452",0.555534479100342,0.202510345247722,2.064,1.399,64.2667,70.7678,71.1114,"37.689","25.189","12.500999999999999","18.940000000000001","-1.2923940208107301","0.90917661564977703",0,"1.8808499999999999","0","5.8398899999999996","0.58247000000000004","8.7103099999999998","9.5210799999999995","14.3188","18.671880000000002","3.49","11611.41545"
"Saint Vincent and the Grenadines",104.332,"27.484999999999999","7.0389999999999997",-0.400467365045672,-0.02706121744465,1.348,1.7971,68.5704,71.3772,69.6291,"48.997","32.917000000000002","16.079999999999998","53.451999999999998","0.36195263777252201","0.67551103046537397",-3.626,"1.0989","41.69697",NA,NA,"5.8045600000000004","3.8929999999999999E-2","17.920590000000001","17.484490000000001",NA,"7457.5095039999997"
"Samoa",218.764,"95.577500000000001","29.198499999999999",0.739670630728416,1.32405204590986,5.975,3.9301,60.1798,70.7458,72.7675,"74.912999999999997","65.975999999999999","8.9369999999999994","17.742000000000001","-0.240379146104895","1.01338495859628",-4.023,"65.191069999999996","64.68432",NA,NA,NA,NA,"21.47587","10.60045","1.75","4324.0140179999999"
"San Marino",33.7455,"5.42","1.0925",1.13012046785464,-0.148094628089516,0.202,1.1297,73.5171,79.9486,80.8786,"49.578000000000003","19.596","29.981999999999999","97.62","1.33260905100241","-6.6595397558169095E-2",1.216,"15.54393","0","2.4504100000000002","5.0742599999999998","8.5820900000000009","8.2568800000000007","53.262030000000003","62.041879999999999",NA,"48995.142"
"Sao Tome and Principe",223.1075,"105.07899999999999","30.378499999999999",1.99813990926309,1.7493878540034,6.318,3.8226,56.5156,61.6554,67.5912,"77.929000000000002","71.238","6.69","75.072999999999993","3.5723179466641501","2.4183795234551102",-3.543,"48.925620000000002","46.28378","6.0476799999999997","6.0182200000000003","12.325390000000001","6.7969299999999997","18.729959999999998","15.9169","4.24","1946.6436140000001"
"Saudi Arabia",35950.396,"11026.032999999999","3186.7910000000002",2.44373279954632,1.06280994973765,629.339,2.4266,52.715,72.4667,76.936,"40.411000000000001","36.76","3.6509999999999998","84.507999999999996","2.70136524993256","1.29641990124633",-4.272,"48.555109999999999","45.364040000000003","5.3774300000000004","4.9675500000000001","0.36637999999999998","2.54311","2.75041","8.6599000000000004",NA,"23139.79866"
"Senegal",16876.72,"8167.6090000000004","2570.7645000000002",2.50911265203524,2.28197340717429,549.984,4.3871,40.8254,56.9434,67.0926,"81.548000000000002","75.814999999999998","5.7320000000000002","48.6","3.3514546960325","3.20028422832578",-0.598,"84.971119999999999","83.140309999999999","29.665610000000001","19.494769999999999","63.618720000000003","56.668509999999998","81.291169999999994","78.784080000000003","1.89","1446.8309650000001"
"Serbia",7296.7685,"1253.0450000000001","345.19850000000002",-0.359511229712762,-0.673480983535703,67.609,1.5278,66.2096,71.4392,74.1923,"53.819000000000003","21.948","31.872","56.651000000000003","-3.8746792376127298E-2","-0.22829295778939901",0.033,"7.5001499999999997","7.0800900000000002","2.8731399999999998","2.9140000000000001","2.94631","2.6250599999999999","15.8047","12.87407","1.28","7411.5586489999996"
"Seychelles",106.4705,"28.9315","8.5114999999999998",1.31532818627891,0.485333766148196,1.642,2.3484,58.4831,69.7218,71.2945,"45.021000000000001","33.58","11.441000000000001","57.972000000000001","1.9436086874924201","1.1255916988383501",1.372,"3.6188199999999999","2.4296700000000002","2.3248099999999998","14.12044","8.8556100000000004","6.55124","19.545449999999999","9.1410599999999995","2.62","17448.27029"
"Sierra Leone",8420.641,"3880.4690000000001","1188.0705",2.78896069178081,1.8616419518022,264.106,3.9779,38.7927,45.0503,60.0624,"74.004000000000005","68.540000000000006","5.4640000000000004","43.372","3.6762564271769","2.8493001903069399",-0.183,"59.567459999999997","57.087119999999999","1.7421599999999999","1.5445","48.89217","49.166759999999996","64.197739999999996","66.712400000000002","1.5","527.53363439999998"
"Singapore",5941.0605,"860.37900000000002","246.0035",1.79532265733726,0.511596938555342,42.215,1.0243,68.7823,79.0691,82.7545,"35.353000000000002","16.233000000000001","19.12","100","1.79532265733726","0.51159693855534205",3.257,NA,NA,"0.27362999999999998","0.1318","0.41016999999999998","0.19148000000000001","0.10292999999999999","0.45167000000000002","1.91","65233.282440000003"
"Slovakia",5447.622,"1026.2445","289.3535",0.0703227982464944,0.162530882758401,54.351,1.5664,69.7234,73.1407,74.9101,"49.497999999999998","23.742000000000001","25.756","53.82","-0.14383947303481001","0.47484631909761499",0.321,"14.879580000000001","15.32072","3.2766899999999999","3.3009300000000001","4.4700300000000004","4.7622600000000004","11.377359999999999","11.31391","0.73","19266.0141"
"Slovenia",2119.4095,"380.02100000000002","100.79600000000001",0.309604152774367,-0.0503472577300364,19.147,1.6272,68.284,76.1957,80.6904,"55.494999999999997","23.617000000000001","31.878","55.427","0.70239419575973205","0.53922156646396602",2.158,"8.7857599999999998","8.0307700000000004","1.19004","0.38164999999999999","1.50417","0.68010000000000004","1.44916","0.95899000000000001","0.81","25940.728029999998"
"Solomon Islands",707.851,"322.73200000000003","101.2745",2.26038221783269,1.94693347902794,21.098,3.9832,56.0724,67.2249,70.3477,"74.808999999999997","68.765000000000001","6.0439999999999996","25.128","4.3782657606902404","3.4532963946165398",-1.141,"35.657429999999998","32.97907","9.0097900000000006","4.12852",NA,NA,NA,NA,"1.59","2373.63247"
"Somalia",17065.581,"9212.1689999999999","3200.1309999999999",3.04673335029952,2.72491891114318,743.932,6.3123,45.5574,50.6604,55.2803,"99.397000000000006","94.22","5.1779999999999999","46.731000000000002","4.60738757988039","3.8368025149235501",-1,NA,NA,NA,NA,NA,NA,NA,NA,"1.89","126.9249205"
"South Africa",59392.255,"19961.409","5812.6575000000003",1.08575240171243,0.863245346927631,1176.955,2.374,55.5787,58.4704,62.341,"53.011000000000003","43.872999999999998","9.1379999999999999","67.846999999999994","1.88968162048778","1.4778471396775501",0.184,"28.915780000000002","27.1082","11.744429999999999","9.8095400000000001","10.718859999999999","9.9230499999999999","21.479089999999999","20.39706","10.06","6001.4011209999999"
"South Sudan",10748.2725,"5620.5124999999998","1485.838",2.62280006110845,1.54457928665778,313.347,4.4692,26.3993,46.0277,54.9752,"90.695999999999998","85.266999999999996","5.4290000000000003","20.513999999999999","3.58484921569084","3.1615267660680599",-2.962,"77.821389999999994","81.128529999999998","57.571689999999997","67.260499999999993","48.969670000000001","63.048810000000003","56.816209999999998","71.936269999999993","2.66","1119.651333"
"Spain",47486.935,"8198.1715000000004","1896.9715000000001",0.717178210016111,-0.0552989353365143,357.652,1.2779,72.1514,79.4172,83.01,"51.537999999999997","21.376999999999999","30.16","81.055999999999997","0.99301601997384303","0.222009057172007",5.808,"5.3575200000000001","4.8963999999999999","3.0026799999999998","2.5840100000000001","1.2146999999999999","1.37094","2.1770299999999998","1.10633","1.25","29564.744900000002"
"Sri Lanka",21773.4405,"6119.7219999999998","1562.271",0.69241766392002,0.195438864711539,305.877,1.9899,65.2675,70.355,76.3991,"52.372","35.372999999999998","17","18.86","0.77791934281578401","1.28037902564673",-4.235,NA,NA,"1.6992100000000001","3.4703300000000001","0.14893999999999999","0.11397","18.08832","13.49414","2.4700000000000002","3853.083693"
"State of Palestine",5133.392,"2339.3654999999999","711.86149999999998",2.23382244092913,2.00347329577003,145.128,3.5044,55.3453,70.3885,73.4727,"74.281999999999996","68.209999999999994","6.0730000000000004","77.003","2.5381744663317298","2.3508188886801",-2.406,"32.686799999999998","30.442039999999999","4.57118","4.8580199999999998","5.1267100000000001","0.90332000000000001","30.66601","16.058910000000001","2.46","3562.3309429999999"
"Sudan",45657.2015,"21570.343499999999","7083.9684999999999",2.49823150810594,2.26226783840828,1534.332,4.4574,45.5343,58.3185,65.2667,"80.212000000000003","74.042000000000002","6.1710000000000003","35.593000000000004","2.88615722559928","3.3434177686561002",-0.333,"60.192830000000001","59.951459999999997","30.52712","35.272309999999997","33.224200000000003","35.492420000000003","53.494840000000003","49.708280000000002","1.4","441.50560339999998"
"Suriname",612.9845,"195.47499999999999","54.293999999999997",1.12827811173419,0.753256664903935,11.133,2.3482,60.4023,65.5077,70.2743,"50.938000000000002","39.970999999999997","10.967000000000001","66.218999999999994","1.1070889958289301","0.95253010705482599",-0.802,"9.8339700000000008","5.8235299999999999","13.259550000000001","10.16859","18.632750000000001","11.06859","42.000779999999999","33.547580000000004","5.84","6359.8336140000001"
"Sweden",10467.097,"2214.6035000000002","595.47550000000001",0.742977195079686,0.543040530739655,113.322,1.67,74.6642,79.7382,82.9833,"60.819000000000003","28.488","32.332000000000001","88.238","0.96178263279487397","0.77654462290283799",7.682,"0.12937000000000001","0",NA,NA,NA,NA,"1.42353","2.8478300000000001","0.95","51647.991560000002"
"Switzerland",8691.4065,"1560.1044999999999","436.49450000000002",0.879313936999063,0.516570969283358,87.086,1.4946,73.1238,79.8335,83.9872,"51.585999999999999","22.838000000000001","28.748999999999999","73.995999999999995","0.91371147598573099","0.69342305178100005",2.75,"0","0.73651",NA,NA,"0.19950999999999999","1.0496099999999999","17.391279999999998","20.456109999999999","1.1499999999999999","81989.443509999997"
"Syrian Arab Republic",21324.367,"8679.1830000000009","1892.4469999999999",1.15238107533237,3.28821368704319,426.856,2.7468,60.5274,70.7639,72.0627,"60.375999999999998","52.962000000000003","7.4139999999999997","56.124000000000002","1.46527869807212","4.2582860739367403",9.997,NA,NA,NA,NA,NA,NA,NA,NA,"1.18","1177.6292679999999"
"Tajikistan",9750.064,"4093.4369999999999","1269.0229999999999",1.99797677379701,1.63328890030499,260.838,3.1855,56.8094,63.2596,71.5942,"65.936000000000007","60.421999999999997","5.5140000000000002","27.725999999999999","2.1752229383839699","2.6524118723577499",-0.365,"86.624849999999995","88.428730000000002","1.25099","2.4881700000000002",NA,NA,"18.697759999999999","26.77582","1.35","870.78758930000004"
"Thailand",71601.103,"13764.1315","3379.0279999999998",0.596027069594509,0.074021090814718,644.325,1.3305,57.7106,72.3156,78.7154,"43.497","22.672999999999998","20.824000000000002","52.162999999999997","2.9477400513578198","1.23253597420354",0.016,"0.30204999999999999","0.2465",NA,NA,NA,NA,"20.875990000000002","20.960380000000001","1.53","7806.7422109999998"
"Timor-Leste",1320.942,"562.00699999999995","157.31049999999999",1.86695111501636,1.27109061518811,32.976,3.1486,37.1655,58.5676,67.7369,"68.292000000000002","59.396999999999998","8.8949999999999996","31.695","3.0826859479009299","2.3372001555689499",-1.511,"51.331899999999997","48.245559999999998","6.7184900000000001","3.0256699999999999","11.83839","8.5725499999999997","26.701070000000001","21.68957","1.05","1560.509822"
"Togo",8644.829,"4034.9110000000001","1270.432",2.48687726984773,2.03284385246151,275.435,4.2574,46.1198,54.742,61.6194,"76.504999999999995","71.040000000000006","5.4640000000000004","43.357999999999997","3.7385568007546102","3.18797887041895",-0.115,"1.14506","0","2.2545000000000002","4.0390600000000001","15.276249999999999","27.655200000000001","46.622639999999997","65.588170000000005","2.16","679.29024909999998"
"Tokelau",1.849,"0.65100000000000002","0.16900000000000001",0.437981064326425,1.02946082849197,0.035,2.707,61.7827,71.8916,75.2279,"60.433999999999997","47.027999999999999","13.406000000000001","0",NA,NA,0,"0","6.25",NA,NA,NA,NA,"30.55556","28.571429999999999",NA,NA
"Tonga",106.017,"43.640999999999998","12.1815",0.121496084187505,0.73553727239823,2.454,3.2367,63.2318,68.978,70.9857,"68.980999999999995","58.500999999999998","10.48","23.103999999999999","0.13946516774164699","1.0164840850731101",-8.901,"0","11.085419999999999",NA,NA,"16.882490000000001","4.2455299999999996","49.340139999999998","32.801819999999999","1.63","4903.1529030000002"
"Trinidad and Tobago",1525.663,"353.23649999999998","92.322500000000005",0.622175831615829,0.175208949869101,17.814,1.6263,65.057,69.1022,72.9709,"43.677999999999997","27.728999999999999","15.949","53.265000000000001","0.38726010791601201","0.44219689833818798",1.727,"20.754909999999999","20.23771",NA,NA,NA,NA,"26.506419999999999","25.005600000000001","1.89","17397.981759999999"
"Tunisia",12262.946,"3573.8054999999999","1034.8215",0.983020159573867,0.676157216941453,197.396,2.0859,53.8695,73.6901,73.7719,"50.866999999999997","37.594000000000001","13.273","69.888000000000005","1.42271647161504","1.1120594813396101",-0.749,NA,NA,NA,NA,NA,NA,NA,NA,"1.27","3317.4535930000002"
"TÃ¼rkiye",84775.4035,"23673.24","6609.7974999999997",1.2941526165921,0.498691043188069,1244.782,1.8892,56.8948,71.8613,76.0324,"46.755000000000003","34.459000000000003","12.295999999999999","76.569000000000003","2.0642443830294201","0.98046751957131195",-0.822,"22.98217","25.259930000000001","4.54793","5.0267299999999997","3.00352","3.9970500000000002","17.098410000000001","19.317879999999999","2.02","9126.5613460000004"
"Turkmenistan",6341.855,"2282.4735000000001","687.74149999999997",1.49203947038575,1.07465291205537,136.968,2.6674,57.6632,65.0258,69.2644,"56.57","48.875999999999998","7.694","52.997999999999998","2.13189463088553","1.95846620154841",-0.71,NA,NA,NA,NA,NA,NA,NA,NA,"1.95","6966.6354110000002"
"Turks and Caicos Islands",45.114,"9.0150000000000006","2.6970000000000001",4.09311279146131,0.835390309625633,0.559,1.6691,56.3101,73.5746,74.5874,"36.787999999999997","22.905999999999999","13.882","93.834000000000003","4.5775924367738998","0.99958511065056099",15.233,"8.1641399999999997","0","9.4692399999999992","8.6435300000000002","8.7256","15.311","48.031500000000001","41.311480000000003",NA,"31353.329320000001"
"Tuvalu",11.2035,"4.1180000000000003","1.2484999999999999",0.659213286596886,0.67106857913802,0.263,3.1635,54.9404,63.4988,64.5466,"60.911999999999999","50.901000000000003","10.010999999999999","64.784999999999997","2.2309713110732599","1.54689288029301",-1.338,"9.7760800000000003","0","18.430879999999998","16.361260000000001","30.57199","35.983260000000001","67.877089999999995","61.290320000000001","1.77","4059.0299960000002"
"Uganda",45853.778,"24092.460500000001","7689.6890000000003",2.92584505174144,2.48758662993008,1686.795,4.5845,49.616,48.3415,62.7048,"88.212999999999994","85.057000000000002","3.157","25.553000000000001","5.4180038272362996","4.5163100906574298",0.948,NA,NA,"15.56616","12.21721","48.521909999999998","48.990079999999999","72.418549999999996","77.543509999999998","2.14","794.34107789999996"
"Ukraine",43531.422,"7898.1210000000001","1797.8035",-0.510613444481271,-1.24367237013328,336.096,1.2507,69.3172,67.8555,71.624,"48.415999999999997","22.594000000000001","25.821999999999999","69.757000000000005","-0.339065619573725","-0.97562042967303797",0.019,NA,NA,"8.9479600000000001","7.0115999999999996","4.0387700000000004","3.2292000000000001","7.3824899999999998","4.3112700000000004","0.92","3659.0313120000001"
"United Arab Emirates",9365.1445,"1599.154","482.15",4.96298641795397,0.67609280612931,96.536,1.4597,60.0213,74.38,78.7104,"20.338999999999999","18.222999999999999","2.1160000000000001","87.299000000000007","5.3510216497933003","0.90238453466714996",-0.295,"0.25344","0.27040999999999998",NA,NA,"1.7302299999999999","2.8227799999999998","2.5192399999999999","1.83229","1.17","43103.323060000002"
"United Kingdom",67281.0395,"14168.912","3651.6529999999998",0.621844401961396,0.282461450134286,677.219,1.562,71.8843,77.8525,80.7422,"57.671999999999997","27.847000000000001","29.824999999999999","84.152000000000001","0.92965881008363405","0.53695600479106498",3.007,"4.7099999999999998E-3","0","1.01352","1.2606200000000001","1.75478","1.8895299999999999","3.80267","3.0464600000000002","1.34","42328.900260000002"
"United Republic of Tanzania",63588.334,"32079.2035","10537.3045",2.77357352975845,2.57238529913153,2303.114,4.7259,46.4495,52.3623,66.2007,"87.704999999999998","81.852999999999994","5.8520000000000003","35.954000000000001","4.9489194799444798","4.2673253432437699",-0.076,"45.494979999999998","41.813400000000001","17.609159999999999","14.513590000000001","65.780010000000004","63.890389999999996","83.840530000000001","87.728160000000003","1.91","1122.1218100000001"
"United States",336997.624,"74734.921499999997","19164.415000000001",0.826757862972812,0.428669229863392,3722.822,1.6619,70.7353,76.8114,77.1982,"53.661999999999999","28.033000000000001","25.629000000000001","82.873000000000005","1.03921066119842","0.66680625126670101",1.668,"10.37724","10.04913","0.98131000000000002","0.84899000000000002",NA,NA,"2.59924","4.9494800000000003","2.0099999999999998","65297.517509999998"
"Uruguay",3426.2595,"810.69050000000004","194.99299999999999",0.193954395526957,-0.0151624448489017,35.892,1.4927,68.9036,75.0247,75.4356,"53.598999999999997","29.853999999999999","23.744","95.602999999999994","0.37105165574073101","5.9057981885775802E-2",-0.434,"8.6964699999999997","0","1.00179","0.10793999999999999","1.3054300000000001","0.16816999999999999","13.39377","7.87026","1.78","16190.12696"
"Uzbekistan",34081.449,"11808.825999999999","3847.0374999999999",1.4116536975895,1.21322148420398,802.875,2.8565,60.9341,65.7235,70.8616,"53.970999999999997","46.301000000000002","7.6710000000000003","50.427","1.83513847222015","1.45379978184077",-1.15,"36.65945","37.688670000000002","0.24092","1.81819","7.6630000000000004E-2","2.4001700000000001","13.947419999999999","14.67173","1.46","1724.856544"
"Vanuatu",319.1365,"145.31049999999999","45.250500000000002",2.30529689514014,2.06416752894834,9.398,3.7355,55.1864,68.9657,70.449,"76.488","69.917000000000002","6.5709999999999997","25.664999999999999","3.0843022182090198","2.7075780225650399",-0.617,"3.8159399999999999","0","2.9336899999999999","3.9163800000000002","26.554749999999999","23.59121","58.460369999999998","52.466740000000001","1.64","3115.35862"
"Venezuela (Bolivarian Republic of)",28199.8665,"9559.5830000000005","2395.9335000000001",0.732619834499971,1.06386008348659,451.855,2.2108,64.299,72.4775,70.5536,"57.502000000000002","44.37","13.132999999999999","88.325000000000003","0.77161698631415199","1.14189147654959",-18.451,"14.084490000000001","14.33032","9.6184399999999997","9.6020099999999999","14.9115","13.205880000000001","27.590170000000001","18.970700000000001","1.64","16054.49051"
"Viet Nam",97468.0285,"26183.122500000001","7368.1565000000001",0.960096602550286,0.552078113153514,1462.623,1.9437,56.2218,72.462,73.6181,"45.557000000000002","32.816000000000003","12.741","38.052","2.9912782583229802","2.1376445082401099",-0.01,"0","0.19869999999999999",NA,NA,NA,NA,NA,NA,"1.48","2715.2760360000002"
"Yemen",32981.6415,"15348.0155","4714.0585000000001",2.6184272939704,1.93077783966113,1008.936,3.7948,40.5009,62.588,63.7534,"74.097999999999999","69.417000000000002","4.6820000000000004","38.545999999999999","4.3653262136723896","3.3588307076885902",-3.072,"95.667910000000006","96.083979999999997","10.298999999999999","21.12059","22.633859999999999","34.47587","45.608370000000001","67.675060000000002","1.57","774.33448980000003"
"Zambia",19473.125,"9767.5044999999991","3072.8989999999999",3.09042046703743,2.41109800376096,672,4.308,51.4927,45.2312,61.2234,"81.822000000000003","78.661000000000001","3.1619999999999999","45.192","4.2747491124836499","3.5306773297576801",0.463,NA,NA,"16.797999999999998","12.968249999999999",NA,NA,NA,NA,"5","1305.0632539999999"
"Zimbabwe",15993.524,"7622.2610000000004","2299.712",1.33663253863229,1.83736072616463,488.807,3.4908,57.0318,44.6864,59.2531,"79.394000000000005","73.36","6.0339999999999998","32.302999999999997","1.1178350347612001","2.3834169797898999",-1.562,NA,NA,"14.504429999999999","12.76421",NA,NA,"40.338200000000001","45.028280000000002","2.31","1463.9859100000001"
"East Asia and Pacific",2351075.1045,"544718.08900000004","141163.22450000001",0.71077508137259,0.170017499566713,24170.775,1.516,57.473,71.525,76.478,"46.835999999999999","28.498000000000001","18.338000000000001","61.480562615423402","2.52438603773308","1.14341720614985",-0.007,"17.170729999999999","14.891159999999999","2.82741","3.6605599999999998","10.01637","8.3079599999999996","22.631519999999998","14.51666","1.67","11386.13"
"Europe and Central Asia",921948.373,"196264.71650000001","52834.563000000002",0.319026922267374,0.0591234378258062,10098.228,1.698,67.916,72.493,76.447,"53.741","27.54","26.201000000000001","72.801483242403606","0.58427529357756303","0.35447909562117003",1.374,"12.510579999999999","13.072609999999999","2.4746100000000002","2.2758600000000002","2.0113099999999999","2.1198399999999999","9.1861599999999992","9.2399699999999996","1.26","24693.65"
"Eastern Europe and Central Asia",425236.95,"104629.67449999999","29039.306",0.304608372213822,0.0698918786192728,5528.213,1.89,64.347,66.925,71.475,"50.784999999999997","31.584","19.2","67.474447753699394","0.56789722898029704","0.38765978499068598",0.199,"19.674379999999999","20.743980000000001","3.74566","3.5730400000000002","1.96089","2.4363299999999999","13.21232","13.678290000000001","1.41","8437.3860000000004"
"Western Europe",496711.423,"91635.042000000001","23795.257000000001",0.331399333386066,0.0498989682487103,4570.015,1.52,71.212,77.715,80.858,"56.366","23.949000000000002","32.417000000000002","77.360429028209097","0.59653187205342295","0.32964364147048197",2.382,"3.7479","3.7284199999999998","1.37612","1.1569499999999999","2.0775299999999999","1.7024999999999999","5.9508400000000004","5.6608999999999998","1.1299999999999999","38421.46"
"Latin America and Caribbean",651297.4425,"185463.46049999999","49512.233",1.06546350236138,0.620063396954187,9661.815,1.866,58.482,71.08,72.095,"48.2","34.997","13.202999999999999","81.362854754915105","1.3935293388177501","0.880820208353704",-0.409,"5.0032199999999998","4.6388400000000001","3.2366999999999999","2.4345599999999998","7.4943499999999998","6.0152799999999997","22.626670000000001","19.982780000000002","3.11","8809.6949999999997"
"Middle East and North Africa",484289.9725,"170266.91699999999","49222.695",1.91282348896729,1.25213093342482,9762.777,2.659,50.911,69.142,72.606,"54.759","46.564999999999998","8.1950000000000003","65.750747101849001","2.45973094600676","1.6432285110215901",-0.782,"50.722940000000001","50.710680000000004","4.1539200000000003","6.1185099999999997","8.3816699999999997","12.069290000000001","27.871559999999999","33.205249999999999","1.54","7755.6639999999998"
"North America",375152.636,"81949.539499999999","21065.6525",0.844468253398601,0.458557508164182,4096.55,1.643,70.898,77.042,77.73,"53.502000000000002","27.611999999999998","25.89","82.752696691696798","1.0476536065563899","0.68660055158711197",2.019,"8.9533299999999993","8.4977300000000007","1.35829","0.41277000000000003","0.45771000000000001","0.45784000000000002","3.3703699999999999","5.5447499999999996","1.92","63368.73"
"South Asia",1901529.0455,"631013.52049999998","170668.59950000001",1.38613386260867,0.909700995720489,34881.593,2.245,48.015,62.795,67.299,"51.223999999999997","41.628","9.5960000000000001","35.3552429231","2.5333572039388002","2.1532506454101599",-0.487,"12.43371","12.915620000000001","8.5147700000000004","9.1615599999999997","17.521159999999998","15.087590000000001","42.735129999999998","41.744370000000004","3.19","1961.3879999999999"
"Sub-Saharan Africa",1182308.363,"575567.70250000001","185102.64550000001",2.56855570649028,2.23053092993391,40950.187,4.588,43.871,50.814,59.846,"82.167000000000002","76.605999999999995","5.5609999999999999","41.912343873473802","3.8609817692021502","3.35522564544475",-0.375,"51.118980000000001","50.877429999999997","18.044519999999999","22.04973","35.311050000000002","37.919020000000003","54.685160000000003","60.985289999999999","2.56","1604.33"
"Eastern and Southern Africa",608005.2305,"286706.26750000002","90099.337",2.4632626084619,2.12318756068172,19573.097,4.089,46.51,51.413,62.692,"77.709000000000003","72.022000000000006","5.6870000000000003","36.085175696082302","3.5831909519626199","3.3163351411966699",-0.186,"48.985190000000003","48.93967","15.526120000000001","17.60585","33.943660000000001","36.779649999999997","55.52413","59.744570000000003","3.04","1628.4359999999999"
"West and Central Africa",574303.1325,"288861.435","95003.308499999999",2.68283722505238,2.34301448013593,21377.09,5.163,41.171,50.215,57.127,"87.137","81.715999999999994","5.4210000000000003","48.094421574205903","4.0946233990785599","3.3861051050170898",-0.575,"53.222119999999997","52.808639999999997","20.750530000000001","26.88306","36.788679999999999","39.167639999999999","53.899320000000003","61.995350000000002","2","1578.1959999999999"
"Least developed countries",1099568.5695,"500147.15149999998","157432.80799999999",2.30292080098759,2.03035866061367,34448.62,3.9668,42.8667,55.0574,64.0715,"74.221000000000004","67.905000000000001","6.3159999999999998","35.265602453120401","3.8666736794518002","3.4140624678828599",-0.474,"48.101019999999998","47.364019999999996","15.190379999999999","18.826530000000002","33.363689999999998","34.918889999999998","53.893639999999998","58.396639999999998","2.17","1078.1469999999999"
"World",7909295.1515,"2392419.0699999998","671477.3",1.15755871646439,0.782904604034759,133974.696,2.3208,56.112,66.4525,71.0479,"54.087000000000003","39.256","14.831","56.510240894831398","2.03437862100601","1.4295872926903801",0,"24.727250000000002","24.584569999999999","8.0098000000000003","9.5641099999999994","15.698560000000001","15.52915","33.90164","33.224609999999998","2.23","11561.78"
